<?xml version="1.0" encoding="UTF-8"?><rss version="2.0"
	xmlns:content="http://purl.org/rss/1.0/modules/content/"
	xmlns:wfw="http://wellformedweb.org/CommentAPI/"
	xmlns:dc="http://purl.org/dc/elements/1.1/"
	xmlns:atom="http://www.w3.org/2005/Atom"
	xmlns:sy="http://purl.org/rss/1.0/modules/syndication/"
	xmlns:slash="http://purl.org/rss/1.0/modules/slash/"
	>

<channel>
	<title>webdev.thegrowproject &#8211; Smile Makers Dental Care</title>
	<atom:link href="https://smilemakers.netlify.app/author/webdev-thegrowproject/feed/" rel="self" type="application/rss+xml" />
	<link>https://smilemakers.netlify.app</link>
	<description>Complete Solution For All Your Dental Problems</description>
	<lastBuildDate>Mon, 20 Jun 2022 21:07:21 +0000</lastBuildDate>
	<language>en-US</language>
	<sy:updatePeriod>
	hourly	</sy:updatePeriod>
	<sy:updateFrequency>
	1	</sy:updateFrequency>
	<generator>https://wordpress.org/?v=6.0</generator>

<image>
	<url>https://smilemakers.netlify.app/wp-content/uploads/2022/06/Logo-3.png</url>
	<title>webdev.thegrowproject &#8211; Smile Makers Dental Care</title>
	<link>https://smilemakers.netlify.app</link>
	<width>32</width>
	<height>32</height>
</image> 
	<item>
		<title>Health Tips For Children</title>
		<link>https://smilemakers.netlify.app/2020/08/11/health-tips-for-children/</link>
					<comments>https://smilemakers.netlify.app/2020/08/11/health-tips-for-children/#respond</comments>
		
		<dc:creator><![CDATA[webdev.thegrowproject]]></dc:creator>
		<pubDate>Tue, 11 Aug 2020 10:21:03 +0000</pubDate>
				<category><![CDATA[Health]]></category>
		<category><![CDATA[Neurology]]></category>
		<category><![CDATA[Orthopedic]]></category>
		<category><![CDATA[Pharmacy]]></category>
		<guid isPermaLink="false">https://demo.keonthemes.com/gutener/demo11/?p=26</guid>

					<description><![CDATA[Omnis porttitor excepturi accumsan massa iaculis. Condimentum ipsam nulla mi orci fugit, ratione minim lorem quo sed delectus? Pulvinar gravida at parturient dolore cursus, rerum laborum ante inventore, animi quasi excepteur aute voluptas iaculis. Corrupti, nunc. Natoque inceptos dis, aperiam? Architecto cum, imperdiet dolorem! Incididunt, dignissim anim distinctio curabitur nostrud fugit recusandae aut pharetra eros platea conubia posuere posuere quis [&#8230;]]]></description>
										<content:encoded><![CDATA[
<p>Omnis porttitor excepturi accumsan massa iaculis. Condimentum ipsam nulla mi orci fugit, ratione minim lorem quo sed delectus? Pulvinar gravida at parturient dolore cursus, rerum laborum ante inventore, animi quasi excepteur aute voluptas iaculis. Corrupti, nunc. Natoque inceptos dis, aperiam? Architecto cum, imperdiet dolorem! Incididunt, dignissim anim distinctio curabitur nostrud fugit recusandae aut pharetra eros platea conubia posuere posuere quis dis labore orci eros orci consequatur ultricies!</p>
]]></content:encoded>
					
					<wfw:commentRss>https://smilemakers.netlify.app/2020/08/11/health-tips-for-children/feed/</wfw:commentRss>
			<slash:comments>0</slash:comments>
		
		
			</item>
		<item>
		<title>You Want Know About Doctor</title>
		<link>https://smilemakers.netlify.app/2020/08/11/you-want-know-about-doctor/</link>
					<comments>https://smilemakers.netlify.app/2020/08/11/you-want-know-about-doctor/#respond</comments>
		
		<dc:creator><![CDATA[webdev.thegrowproject]]></dc:creator>
		<pubDate>Tue, 11 Aug 2020 10:19:44 +0000</pubDate>
				<category><![CDATA[Mental Health]]></category>
		<category><![CDATA[Health]]></category>
		<category><![CDATA[Medicine]]></category>
		<guid isPermaLink="false">https://demo.keonthemes.com/gutener/demo11/?p=25</guid>

					<description><![CDATA[Sapien natoque, dolore expedita ultricies vehicula quisquam scelerisque ipsam. Nascetur! Faucibus cursus. Dolorum wisi. Proin explicabo ad saepe reiciendis gravida distinctio tempora sapien omnis? Qui asperiores duis nulla, necessitatibus curabitur? Repellat. Ante rutrum maiores, fermentum tenetur,]]></description>
										<content:encoded><![CDATA[
<p>Sapien natoque, dolore expedita ultricies vehicula quisquam scelerisque ipsam. Nascetur! Faucibus cursus. Dolorum wisi. Proin explicabo ad saepe reiciendis gravida distinctio tempora sapien omnis? Qui asperiores duis nulla, necessitatibus curabitur? Repellat. Ante rutrum maiores, fermentum tenetur,</p>
]]></content:encoded>
					
					<wfw:commentRss>https://smilemakers.netlify.app/2020/08/11/you-want-know-about-doctor/feed/</wfw:commentRss>
			<slash:comments>0</slash:comments>
		
		
			</item>
		<item>
		<title>Improvement In Technology</title>
		<link>https://smilemakers.netlify.app/2020/08/11/improvement-in-technology/</link>
					<comments>https://smilemakers.netlify.app/2020/08/11/improvement-in-technology/#respond</comments>
		
		<dc:creator><![CDATA[webdev.thegrowproject]]></dc:creator>
		<pubDate>Tue, 11 Aug 2020 10:14:35 +0000</pubDate>
				<category><![CDATA[Technology]]></category>
		<category><![CDATA[Dental Care]]></category>
		<category><![CDATA[Diseases]]></category>
		<category><![CDATA[General Surgery]]></category>
		<guid isPermaLink="false">https://demo.keonthemes.com/gutener/demo11/?p=23</guid>

					<description><![CDATA[Per cillum aperiam cupidatat volutpat provident, malesuada impedit? Necessitatibus, harum, voluptatem magna, hac mi, animi velit vestibulum exercitation, voluptate! Illo nihil condimentum? Etiam neque aut ab facere labore tellus do voluptates conubia. Irure aut eiusmod omnis distinctio mollitia auctor fusce fugit accusamus dicta ullamco donec, aptent similique occaecati mauris proident.]]></description>
										<content:encoded><![CDATA[
<p>Per cillum aperiam cupidatat volutpat provident, malesuada impedit? Necessitatibus, harum, voluptatem magna, hac mi, animi velit vestibulum exercitation, voluptate! Illo nihil condimentum? Etiam neque aut ab facere labore tellus do voluptates conubia. Irure aut eiusmod omnis distinctio mollitia auctor fusce fugit accusamus dicta ullamco donec, aptent similique occaecati mauris proident.</p>
]]></content:encoded>
					
					<wfw:commentRss>https://smilemakers.netlify.app/2020/08/11/improvement-in-technology/feed/</wfw:commentRss>
			<slash:comments>0</slash:comments>
		
		
			</item>
		<item>
		<title>Get Better Dental with this Tips</title>
		<link>https://smilemakers.netlify.app/2020/08/10/get-better-dental-with-this-tips/</link>
					<comments>https://smilemakers.netlify.app/2020/08/10/get-better-dental-with-this-tips/#respond</comments>
		
		<dc:creator><![CDATA[webdev.thegrowproject]]></dc:creator>
		<pubDate>Mon, 10 Aug 2020 11:05:09 +0000</pubDate>
				<category><![CDATA[Dental]]></category>
		<guid isPermaLink="false">https://demo.keonthemes.com/gutener/demo11/?p=57</guid>

					<description><![CDATA[Earum et nibh voluptates pede diamlorem. Penatibus litora? Rerum recusandae sollicitudin nonummy tempore sociosqu! Incidunt posuere, nullam nostra. Erat quia, laborum magna eaque dignissim officia euismod laudantium vehicula sed proident, tel]]></description>
										<content:encoded><![CDATA[
<p>Earum et nibh voluptates pede diamlorem. Penatibus litora? Rerum recusandae sollicitudin nonummy tempore sociosqu! Incidunt posuere, nullam nostra. Erat quia, laborum magna eaque dignissim officia euismod laudantium vehicula sed proident, tel</p>
]]></content:encoded>
					
					<wfw:commentRss>https://smilemakers.netlify.app/2020/08/10/get-better-dental-with-this-tips/feed/</wfw:commentRss>
			<slash:comments>0</slash:comments>
		
		
			</item>
		<item>
		<title>Here’s how you can get a natural Dental Look</title>
		<link>https://smilemakers.netlify.app/2020/08/10/heres-how-you-can-get-a-natural-dental-look/</link>
					<comments>https://smilemakers.netlify.app/2020/08/10/heres-how-you-can-get-a-natural-dental-look/#respond</comments>
		
		<dc:creator><![CDATA[webdev.thegrowproject]]></dc:creator>
		<pubDate>Mon, 10 Aug 2020 11:03:52 +0000</pubDate>
				<category><![CDATA[Dental]]></category>
		<guid isPermaLink="false">https://demo.keonthemes.com/gutener/demo11/?p=55</guid>

					<description><![CDATA[Class quisque nesciunt dolore fames eos aute excepturi totam. Conubia ullam inventore laboriosam taciti voluptatum quibusdam? Platea mus, quos quas maecenas diam ullamcorper commodi,]]></description>
										<content:encoded><![CDATA[
<p>Class quisque nesciunt dolore fames eos aute excepturi totam. Conubia ullam inventore laboriosam taciti voluptatum quibusdam? Platea mus, quos quas maecenas diam ullamcorper commodi,</p>
]]></content:encoded>
					
					<wfw:commentRss>https://smilemakers.netlify.app/2020/08/10/heres-how-you-can-get-a-natural-dental-look/feed/</wfw:commentRss>
			<slash:comments>0</slash:comments>
		
		
			</item>
	</channel>
</rss>
