<?xml version="1.0" encoding="UTF-8"?><rss version="2.0"
	xmlns:content="http://purl.org/rss/1.0/modules/content/"
	xmlns:dc="http://purl.org/dc/elements/1.1/"
	xmlns:atom="http://www.w3.org/2005/Atom"
	xmlns:sy="http://purl.org/rss/1.0/modules/syndication/"
	
	>
<channel>
	<title>
	Comments on: Health Tips For Children	</title>
	<atom:link href="https://smilemakers.netlify.app/2020/08/11/health-tips-for-children/feed/" rel="self" type="application/rss+xml" />
	<link>https://smilemakers.netlify.app/2020/08/11/health-tips-for-children/</link>
	<description>Complete Solution For All Your Dental Problems</description>
	<lastBuildDate>Mon, 20 Jun 2022 21:07:18 +0000</lastBuildDate>
	<sy:updatePeriod>
	hourly	</sy:updatePeriod>
	<sy:updateFrequency>
	1	</sy:updateFrequency>
	<generator>https://wordpress.org/?v=6.0</generator>
</channel>
</rss>
